comments,,,,,,,
,,,,,,,
,,,,,,,
#RaeContestEntry #JanaContestEntry,,,,,,,
,,,,,,,
,,,,,,,
,,,,,,,
,,,,,,,
,,,,,,,
,,,,,,,
Nice!!!,,,,,,,
Nice profile check out mine. I follow back,S'presh!!,,,,,,
@emily_coleman1,,,,,,,
,,,,,,,
,,,,,,,
hey! Would you mind checking out my account? it's all disney. thanks much! Follow me? ... it'd mean a lot!,,,,,,,
#mydisneyside,,,,,,,
hey! Would you mind checking out my account? it's all disney. thanks much! Follow me? ... it'd mean a lot!,,,,,,,
,,,,,,,
,,,,,,,
nice pic follow 4 follow?,,,,,,,
,,,,,,,
,,,,,,,
,,,,,,,
,,,,,,,
,,,,,,,
,,,,,,,
,,,,,,,
Is BAG Wednesday at 7 in your schedule?? Haha,,,,,,,
Hopefully it won't flip today ,What's the flip?,@ourdisneyopinion its when the next set of PTDs start selling,Oh...what's the PTDs sorry I don't know much about pins I'm just newly starting to get interested,@ourdisneyopinion pin trader delights (Ptds) are sold at Disney ghiradelli studio store on Hollywood blvd. four are released at a time and you get one with the purchase of a sundae. They are all limited edition and always feature a Disney character holdin,Heard they still have a good amount.,Heard they were about 25- 30 left,
,,,,,,,
,,,,,,,
,,,,,,,
#wheelporn #wheels #dragwheels #weld #draglites #welddraglites #mickey,,,,,,,
,,,,,,,
,,,,,,,
,,,,,,,
,,,,,,,
,,,,,,,
hey! Would you mind checking out my account? it's all disney. thanks much! Follow me? ... it'd mean a lot!,,,,,,,
,,,,,,,
,,,,,,,
hey! Would you mind checking out my account? it's all disney. thanks much! Follow me? ... it'd mean a lot!,,,,,,,
hey! Would you mind checking out my account? it's all disney. thanks much! Follow me? ... it'd mean a lot!,Love this!,,,,,,
,,,,,,,
,,,,,,,
,,,,,,,
,,,,,,,
,,,,,,,
,,,,,,,
,,,,,,,
,,,,,,,
,,,,,,,
,,,,,,,
,,,,,,,
,,,,,,,
,,,,,,,
,,,,,,,
,,,,,,,
,,,,,,,
,,,,,,,
,,,,,,,
,,,,,,,
,,,,,,,
,,,,,,,
#waltdisneyworld  #epcot #dislove #disneyfun #disneylove #disneyside #disneyfreak #disneyparks #disneyworld #dicasdadisney #dicasdeviagem #blogdeviagens #photooftheday,,,,,,,
,,,,,,,
,,,,,,,
,,,,,,,
,,,,,,,
,,,,,,,
,,,,,,,
,,,,,,,
,,,,,,,
,,,,,,,
,,,,,,,
,,,,,,,
,,,,,,,
,,,,,,,
,,,,,,,
,,,,,,,
,,,,,,,
,,,,,,,
#blessed #myfavorite #niece,,,,,,,
,,,,,,,
,,,,,,,
,,,,,,,
,,,,,,,
,,,,,,,
,,,,,,,
,,,,,,,
,,,,,,,
,,,,,,,
,,,,,,,
Bet you could get into Sam's with no wait today...,Wow.  That looks great.  I sent some first timers there today.  Looks like I made a good choice.,,,,,,
,,,,,,,
,,,,,,,
,,,,,,,
,,,,,,,
,,,,,,,
,,,,,,,
,,,,,,,
,,,,,,,
,,,,,,,
,,,,,,,
,,,,,,,
,,,,,,,
,,,,,,,
,,,,,,,
#disney #waltdisney #disneyworld #wdw #mickey #mickeymouse #christmas #staydisney #disneythemeparks #disneythemepark #disneyparks #disneypark #wdwresort #waltdisneyworldresort #disneyaddict #instadisney #disneynerd #disneygram,,,,,,,
,,,,,,,
,,,,,,,
,,,,,,,
,,,,,,,
#disney #disneyparks #wdw #wdwphotography #igers_wdw #disneyphotography #disneygram #disneygramers #disneygramer #disneyig #disneyphoto #disneyaccount #disfairytale #disneyside #disneyaddict #disnerd #latergram #canonrebelt3i #topiary #flowerandgarden #catherineatdisney #happyeaster #easterbunny #easter,,,,,,,
,,,,,,,
,,,,,,,
,,,,,,,
,,,,,,,
,,,,,,,
,,,,,,,
So cute ,@k8_enriquez thx. ,,,,,,
,,,,,,,
,,,,,,,
Cuz! Your in fl?! No way!,Hey cuz yes I'm in Orlando! How far are you from here? @_tiffanylevine,Lit like 15 minutes if that depending where,,,,,
,,,,,,,
,,,,,,,
,,,,,,,
,,,,,,,
,,,,,,,
,,,,,,,
,,,,,,,
,,,,,,,
,,,,,,,
,,,,,,,
,,,,,,,
,,,,,,,
Happy Birthday,,,,,,,
,,,,,,,
,,,,,,,
,,,,,,,
,,,,,,,
,,,,,,,
,,,,,,,
,,,,,,,
,,,,,,,
,,,,,,,
,,,,,,,
,,,,,,,
,,,,,,,
@disney__100  My it does indeed look different does it not now? ,Personally I think it looks empty @marypoppinsandbert,@disney__100  It does indeed.  The Grauman's theatre is not very lovely to look upon.  I suppose some may say that about the hat yet it was the logo of the park.  I wonder what the new logo shall be,,,,,
,,,,,,,
#frozen #elsa #anna,,,,,,,
,,,,,,,
,,,,,,,
,,,,,,,
Still no Greg?,,,,,,,
,,,,,,,
,,,,,,,
,,,,,,,
,,,,,,,
,,,,,,,
Omg Powdered Toast Man!!!,,,,,,,
,,,,,,,
,,,,,,,
,,,,,,,
,,,,,,,
,,,,,,,
,,,,,,,
,,,,,,,
@CLICK_HERE_FOR_377_FOLLOWS  @CLICK_HERE_FOR_377_FOLLOWS  @CLICK_HERE_FOR_377_FOLLOWS,,,,,,,
,,,,,,,
,,,,,,,
,,,,,,,
,,,,,,,
Cool!,,,,,,,
,,,,,,,
,,,,,,,
,,,,,,,
,,,,,,,
#waltdisneyworld #waltdisney #disney #disneyworld #disneyparks #disneyland #magickingdom #princesstiana #cajun #neworleans #frog #disneygramer #igdisney #thebest #myfavorite #orlando #florida #floridaplunge,,,,,,,
,,,,,,,
,,,,,,,
Que saudades de viver isso ,Amen!! Excellent pic too!!,@camichaeli vai sentindo,@danielambaia at arrepia!!!! Vou pensar tanto em vc!!!!  queria tanto vc junto!!!,,,,
,,,,,,,
,,,,,,,
Kewl!,Haha adorable! Love it!,,,,,,
AW I LOVE THIS PICTURE SO MUCH WE ARE SO CUTE,Love this!,@explorethemagic why thank you ,,,,,
Yes!,@kryzzl_with_a_k,,,,,,
,,,,,,,
,,,,,,,
,,,,,,,
,,,,,,,
,,,,,,,
,,,,,,,
,,,,,,,
,Thank you @daniisland,,,,,,
,,,,,,,
@caamidilaura1 Que Apps utilizaste? ?,InstaSquare @micaalandi,,,,,,
Bring him back ASAP... Need some obgyn knowledge! Have fun :),Great shot!,lol thnx- u guess u have surgery covered then @kimberlylauren876 ;),Whaaaat! I was there just yesterday!! Lol @varuchand,whaaat indeed! here till tues before NY. Would be great to see yall @vpersaud_,,,
Awwwwww Allison and Bryson,Umm what did you call me??,,,,,,
,,,,,,,
Love this page,,,,,,,
,,,,,,,
,,,,,,,
#disneyparks #disneyside,,,,,,,
,,,,,,,
,,,,,,,
,,,,,,,
It isn't big on my list either. Everyone else gets off dry and I will be dripping from heat to toe. I have sat in different spots and still have this happen to me. ,,,,,,,
,,,,,,,
,,,,,,,
,,,,,,,
,,,,,,,
,,,,,,,
,,,,,,,
,,,,,,,
,,,,,,,
,,,,,,,
,,,,,,,
,,,,,,,
,,,,,,,
,,,,,,,
,,,,,,,
,,,,,,,
@aide_cortesserrano,,,,,,,
,,,,,,,
,,,,,,,
,,,,,,,
Ahhh!,,,,,,,
,,,,,,,
,,,,,,,
Going to Mickey's Very Merry Christmas Party!,When Elsa looked straight at me during a parade. I had my hair in a braid and she looked back and forth between her hair and mine. It was pretty cool :),When Alice and the Mad Hatter talked to me about my shoes (they started that one ) and when I found Cinderella twice in one day,@yolandatapiab,@masterkylemlfc,,,
,,,,,,,
,,,,,,,
Yeah thanks Jared for not posting our selfie. I think I should replace your face with someone in my selfie collage.  booooooooooooo,No like,I am sitting here at work wondering why I didn't take the night off. I miss all your faces already!,Yay!,Soo awesome!!!,Nope. Still not liking it,@jmsvlstrs lol what a prude,
What time it is at bro?,Awesome!,,,,,,
,,,,,,,
#inspiration,,,,,,,
nice,,,,,,,
@lucasbrandom post something on your ig!!!!,,,,,,,
,,,,,,,
Kewl!,,,,,,,
@swissfitman,,,,,,,
,,,,,,,
,,,,,,,
,,,,,,,
,,,,,,,
Very cool!,Cool!,Thank you!,,,,,
,,,,,,,
,,,,,,,
,,,,,,,
,,,,,,,
,,,,,,,
,,,,,,,
,,,,,,,
,,,,,,,
@chadwarddad when you get back please tell daddy @sbdensmore how much fun you had we (@eroper12 @blakedensmore3  and @amandaspaulding ) have been begging momma @ksdensmore  and daddy to go! I hope yall are having a blast!,Have fun!!!! ,,,,,,
,,,,,,,
,,,,,,,
Yummy,#shrimp #worldshowcase #epcot #disgram #cute #disneycolors #waltdisneyworld #follow #happy #wdw #love #photooftheday #followme #tiggerlovesdisney #disney_nuts #like4like #takemeback #disney #instagood #disneyparks #instadisney #igers_wdw #me  #dizcolors,@manda_flynn @elfsuzio,,,,,
,,,,,,,
,,,,,,,
,,,,,,,
,,,,,,,
,,,,,,,
,,,,,,,
,,,,,,,
,,,,,,,
,,,,,,,
,,,,,,,
,,,,,,,
,,,,,,,
,,,,,,,
Stunning!,,,,,,,
Great video!,,,,,,,
#kilimanjarosafari,,,,,,,
#wdw #castmember #green #minnie #pintrading,,,,,,,
,,,,,,,
,,,,,,,
,,,,,,,
,,,,,,,
,,,,,,,
,,,,,,,
,,,,,,,
,,,,,,,
,,,,,,,
,,,,,,,
,,,,,,,
,,,,,,,
,,,,,,,
,,,,,,,
,,,,,,,
,,,,,,,
,,,,,,,
,,,,,,,
#thehappiestplaceonearth #lovefl #visitflorida,Great shot!,,,,,,
,,,,,,,
It was awesome! I had a blast!!! @dancing_kency,,,,,,,
love this! :),,,,,,,
#airballon #sunset #instadaily #iphoneonly #instag_app #instagammers #Tagsforlikes #Tagsforlikes #beautifuldestinations #bestvacations #fun #picoftheday #instapic #DowntownDisney,,,,,,,
check out @ellxssa_ Etsy store and *giveaway* shes only 14 and would like to save up to something! ,,,,,,,
,,,,,,,
,,,,,,,
,,,,,,,
,,,,,,,
,,,,,,,
@kellydibilio thanks for posting this on my account. I know I am perfect. ,Lies.,Awe you both are so pretty !!,,,,,
,,,,,,,
,,,,,,,
,,,,,,,
,,,,,,,
,,,,,,,
,,,,,,,
nice i like this lol,,,,,,,
Enjoy!!!,Great pic!  Have fun!!,Gonna live through your pics!!! Have fun!!!,,,,,
,,,,,,,
I'm going to Disneyland on Wednesday! I'm so excited! ,@heidygasol really have fun!!! :D,Thanks I'm excited! Haven't been there in years! ,,,,,
I bought it on my last trip and it is sooo comfy,,,,,,,
,,,,,,,
,,,,,,,
,,,,,,,
,,,,,,,
,,,,,,,
,,,,,,,
,,,,,,,
,,,,,,,
,,,,,,,
,,,,,,,
,,,,,,,
#husband#technicallybrother#couples#cuteshit#couplesgoal#disney#disneypassholder#magickingdom#magiccastle#princess#castle#lovethisguy,,,,,,,
,,,,,,,
Great photo! Love Gaston's Tavern!,,,,,,,
,,,,,,,
,,,,,,,
,,,,,,,
,,,,,,,
Aww that would of been cool!,Wait so the one in magic kingdom would still have operated?,,,,,,
,,,,,,,
Cool!,You there now,@cicituesday no yesterday lol,,,,,
,,,,,,,
,,,,,,,
,,,,,,,
,,,,,,,
,,,,,,,
,,,,,,,
,,,,,,,
,,,,,,,
,,,,,,,
,,,,,,,
,,,,,,,
,,,,,,,
,,,,,,,
,,,,,,,
,,,,,,,
,,,,,,,
#pizza,#animalkingdom, , .....  @maha_alshammari1,,,,
,,,,,,,
,,,,,,,
,,,,,,,
,,,,,,,
,,,,,,,
,,,,,,,
,,,,,,,
,,,,,,,
,,,,,,,
,,,,,,,
#princenaveen,,,,,,,
,,,,,,,
,,,,,,,
,,,,,,,
,,,,,,,
,,,,,,,
Awesome pic! ,,,,,,,
#shuttersisters #ourcollectivediscovery #ourcollective #childofig #childhoodunplugged #mom_hub #thephotographerwithin #thechildrenoftheworld #thebloomforum #thecameramen #ig_kids #instagram_kids #elevatetheeveryday #lives_beautifully_captured #featurememozi  #simplychildren #thepursuitofjoyproject,,,,,,,
Check out #facesofatlanticcity #peopleofsepta and #facesofkensington for a good laugh,,,,,,,
,,,,,,,
,,,,,,,
To trade?,Check your,DM,,,,,
,,,,,,,
,,,,,,,
,,,,,,,
,,,,,,,
,,,,,,,
@brevin1997,I envy you Queen Tina.,,,,,,
Still available?,,,,,,,
How is she doing? With characters & lines? We are going in July or August. I'm worried about my kid lol,@claudeeugh oh girl that's what we worried about the most. But she did okay for the most part. We had to carry her a lot to keep her from walking away. And she was impatient at times. We did a lot of waiting in line without her then just hand her over las,,,,,,
Haha!! Definitely NOT,@inpyn it's like the WORST right? 240 calories and 36g of carbs right there,I prefer the Mickey Mouse shaped ones near the Haunted Mansion and Pirates rides inside Disneyland.,,,,,
Q cool!,Great shot!,,,,,,
,,,,,,,
,,,,,,,
,,,,,,,
,,,,,,,
,,,,,,,
,,,,,,,
,,,,,,,
,,,,,,,
,,,,,,,
,,,,,,,
I thought it was the yippies? Didn't they take of Tom Sawyer Island?,@lord.aggro5446 You are correct,What are yippies?,,,,,
,,,,,,,
,,,,,,,
Inspiring,,,,,,,
,,,,,,,
,,,,,,,
@sophietoomey_  @fiona_tapley @sloktor,,,,,,,
,,,,,,,
,,,,,,,
Omg,,,,,,,
,,,,,,,
,,,,,,,
,,,,,,,
DARN STRAIGHT HOLLA~ ,,,,,,,
,,,,,,,
,,,,,,,
,,,,,,,
,,,,,,,
,,,,,,,
,,,,,,,
,,,,,,,
,,,,,,,
,,,,,,,
,,,,,,,
Nice post,@mickeylumbo Thank You ,,,,,,
,,,,,,,
,,,,,,,
Omg so adorable,@sam_shryne65,,,,,,
,,,,,,,
,,,,,,,
@tayyloh Look Donald is so excited!,OMG!!! Donald's outfit is adorable!!!,Donald is like YASSSSS,@ashleypease @tayyloh ,@thejoshgunderson what photo app do you use? This is beautiful!!,@givebacktodisney the photo is actually from photopass with some quick color adjustments,"@givebacktodisney for the ""border"" I use the app NoCrop just so I don't lost everything in the picture",Ah I'm going to download that app! Thanks @thejoshgunderson
,,,,,,,
Wow! Beautiful!,@pocketfulofdisney I love this fabric!,How much?,They are $20 + $5 shipping. You can purchase them at my etsy shop :) link is in my bio,@kaaitt1397,,,
,,,,,,,
#kids #family #trekaroo #mamacheaps #vacation #traveling #travel #roadtrip #disney #disneyside #wdw #disneyworld #tips #florida,,,,,,,
,,,,,,,
,,,,,,,
Wait we're all going to be our guest right?,,,,,,,
,,,,,,,
,,,,,,,
,,,,,,,
,,,,,,,
,,,,,,,
,,,,,,,
,,,,,,,
,,,,,,,
,,,,,,,
,,,,,,,
,,,,,,,
,,,,,,,
,,,,,,,
,,,,,,,
,,,,,,,
,,,,,,,
Lucky axia you look like fashion to die for,,Do you live in fl? ,,,,,
,,,,,,,
,,,,,,,
#powercouple,Were the next Beyonc and Jay-Z,,,,,,
I love the castle one! Great pick ,,,,,,,
,,,,,,,
,,,,,,,
#OlympusEM1 #blue #disney #anaheim,,,,,,,
Hahaha,,,,,,,
,,,,,,,
Boom!....diabetes!,,,,,,,
,,,,,,,
,,,,,,,
,,,,,,,
,,,,,,,
,,,,,,,
,,,,,,,
,,,,,,,
,,,,,,,
,,,,,,,
,,,,,,,
,,,,,,,
Love this!,,,,,,,
,,,,,,,
,,,,,,,
,,,,,,,
,,,,,,,
,,,,,,,
,,,,,,,
,,,,,,,
,,,,,,,
,,,,,,,
,,,,,,,
,,,,,,,
,,,,,,,
,,,,,,,
,,,,,,,
,,,,,,,
,,,,,,,
,,,,,,,
,,,,,,,
,,,,,,,
,,,,,,,
#GOALS ,,,,,,,
Someone's in the running for best dad award!!!,,,,,,,
,,,,,,,
,,,,,,,
,,,,,,,
,,,,,,,
@CLICK_HERE_TO_GET_101_FOLLOWS  @CLICK_HERE_TO_GET_101_FOLLOWS  @CLICK_HERE_TO_GET_101_FOLLOWS,Are you in Florida ?????,,,,,,
,,,,,,,
,,,,,,,
#disneygram #disneyland #disneylandresort #disneyparks #disneydaily #disneyaddict #disneylove #disneylandhd #disneygirl #dlr #disneyland_anaheim #disneylover #disneyaccount #waltdisney1901 #disneycalifornia #californiaadventure #dca #mickeymouse #ilovemickey #waltography #annualpassholder #tiggerlovesdisney,Wow I feel old.,,,,,,
,,,,,,,
,,,,,,,
,,,,,,,
,,,,,,,
,,,,,,,
,,,,,,,
,,,,,,,
,,,,,,,
,,,,,,,
,,,,,,,
,,,,,,,
,,,,,,,
,,,,,,,
Exciting!! @laurajbl,I will be in Disney in exactly a week! I'm so damn excited lol,,,,,,
,,,,,,,
,,,,,,,
Nice!,,,,,,,
Omg your so cute,,,,,,,
,,,,,,,
Love love love!!!,Cute ,,,,,,
,,,,,,,
,,,,,,,
,,,,,,,
,,,,,,,
,,,,,,,
,,,,,,,
,,,,,,,
,,,,,,,
,,,,,,,
,,,,,,,
,,,,,,,
Y u ain't take me with u ,Sorry  @loyaltyntrust,,,,,,
#LoveFL concert venues and parks,,,,,,,
Adorable,,,,,,,
,,,,,,,
Nice!!!,Thank you @memoriemakers ,Was that at starwars weekends,Yes @memoriemakers are you going this year.????,No sadly ,Maybe next year ,Aww ok @memoriemakers,
,,,,,,,
,,,,,,,
,,,,,,,
,,,,,,,
,,,,,,,
,,,,,,,
,,,,,,,
,,,,,,,
,,,,,,,
,,,,,,,
,,,,,,,
,,,,,,,
,,,,,,,
,,,,,,,
,,,,,,,
,,,,,,,
,,,,,,,
,,,,,,,
,,,,,,,
,,,,,,,
,,,,,,,
,,,,,,,
,,,,,,,
,,,,,,,
,,,,,,,
,,,,,,,
,,,,,,,
,,,,,,,
,,,,,,,
,,,,,,,
,,,,,,,
,,,,,,,
,,,,,,,
Someone balled so hard today. T-Sizzle's Army,,,,,,,
Not my picture.,#Disney #Disneylandparis #Disneyland #DLP #Disneygram #Disneyinstagram #instadisney #pocahontas #indianprincess #meeko #flit #Disneymovie #dailydisney #swingintospring #lefestivalduprintemps #printemps #disneycharacter #Disneylove #magic #Disneymagic #disneyprincess #eurodisney #wdw,,,,,,
,,,,,,,
,,,,,,,
,,,,,,,
,,,,,,,
,,,,,,,
,,,,,,,
#giveaway #contest #ad #disney #disneystyle #disneyland #disneyworld #wdw #californiaadventure #caadventure #waltdisneyworld,,,,,,,
,,,,,,,
,,,,,,,
,,,,,,,
,,,,,,,
,,,,,,,
,,,,,,,
,,,,,,,
,,,,,,,
,,,,,,,
,,,,,,,
,,,,,,,
Yes it does!,It really does,,,,,,
,,,,,,,
,,,,,,,
,,,,,,,
,,,,,,,
,,,,,,,
,,,,,,,
,,,,,,,
,,,,,,,
,,,,,,,
,,,,,,,
,,,,,,,
,,,,,,,
,,,,,,,
,,,,,,,
,,,,,,,
,,,,,,,
#best #insta #instacool #instagrammers #instagramers #likeforlike #good #new #the #instaphoto#crazy #gorgeous #and #old #in #heart#peace #sweet #instafamous,,,,,,,
,,,,,,,
ohhhhhhhh man,Oh my that looks so frikken good,#igotthediiiiiyyyyyyaaaabeeeetus haha,,,,,
,,,,,,,
Are we actually in the same park tho...,,,,,,,
,,,,,,,
,,,,,,,
,,,,,,,
,,,,,,,
,,,,,,,
,,,,,,,
,,,,,,,
,,,,,,,
,,,,,,,
,,,,,,,
,,,,,,,
,,,,,,,
,,,,,,,
,,,,,,,
,,,,,,,
Love this.,,,,,,,
,,,,,,,
,,,,,,,
,,,,,,,
,,,,,,,
,,,,,,,
,,,,,,,
,,,,,,,
,,,,,,,
,,,,,,,
,,,,,,,
,,,,,,,
,,,,,,,
,,,,,,,
,,,,,,,
,,,,,,,
,,,,,,,
,,,,,,,
,,,,,,,
,,,,,,,
I'm also in animal kingdom maybe will bump into u soon @sarahnybk,We're out already ;),love it,,,,,
,,,,,,,
,,,,,,,
,,,,,,,
Yes! #EYR,,,,,,,
,,,,,,,
,,,,,,,
,,,,,,,
,,,,,,,
,,,,,,,
Last day for us too.  7am-1pm at MK.  Headed back to swim before our flight to Bmore tonight.  Soaking up all sunshine we can get. Enjoy!,,,,,,,
,,,,,,,
,,,,,,,
,,,,,,,
,,,,,,,
,,,,,,,
,,,,,,,
,,,,,,,
,,,,,,,
,,,,,,,
,,,,,,,
,,,,,,,
,,,,,,,
,,,,,,,
,,,,,,,
,,,,,,,
,,,,,,,
,,,,,,,
,,,,,,,
,,,,,,,
,,,,,,,
,,,,,,,
,,,,,,,
,,,,,,,
,,,,,,,
,,,,,,,
#stillcutethough,,,,,,,
,,,,,,,
,,,,,,,
,,,,,,,
,,,,,,,
#waltdisneyworld #Mickey #waltdisney #minnie #disney #disneyside #love #hollywoodstudios #hs #churros #milkshake #disneygram #disneyworld #wdw #Disneyparks #Travel #food #yum,,,,,,,
,,,,,,,
#lfl #l4l #likeforlike #fff #f4f #followforfollow #sfs #s4s #spamforspam #shoutoutforshoutout #disney #disneyworld #waltdisney #waltdisneyworld #hollywoodstudios,,,,,,,
,,,,,,,
,,,,,,,
,,,,,,,
,,,,,,,
,,,,,,,
Wow like it!,,,,,,,
,,,,,,,
,,,,,,,
,,,,,,,
,,,,,,,
,,,,,,,
,,,,,,,
,,,,,,,
@sachikoro77 ,,,,,,,
,,,,,,,
,,,,,,,
,,,,,,,
,,,,,,,
,,,,,,,
,,,,,,,
,,,,,,,
,,,,,,,
,,,,,,,
,,,,,,,
,,,,,,,
,,,,,,,
,,,,,,,
,,,,,,,
,,,,,,,
,,,,,,,
,,,,,,,
,,,,,,,
It works!,,,,,,,
,,,,,,,
,,,,,,,
,@tdeeter3 's pro Isis shirt,I bet Isis doesn't go on vacation @nmolyneaux @tdeeter3,,,,,
#boutiquebirdie,,,,,,,
Yes please! We are here too  #dtmspring15 #dancexpress #dancethemagic @dtm_summer,,,,,,,
,,,,,,,
,,,,,,,
,,,,,,,
,,,,,,,
,,,,,,,
,,,,,,,
,,,,,,,
,,,,,,,
,,,,,,,
,,,,,,,
,,,,,,,
,,,,,,,
,,,,,,,
,,,,,,,
,,,,,,,
,,,,,,,
@christuttle Emily is soooo jealous right now!!!! Have fun!!!,,,,,,,
,,,,,,,
,,,,,,,
,,,,,,,
,,,,,,,
,,,,,,,
,,,,,,,
,,,,,,,
Stfu -.- i thought you were sick ,,,,,,,
,,,,,,,
,,,,,,,
,,,,,,,
,,,,,,,
,,,,,,,
,,,,,,,
,,,,,,,
,,,,,,,
,,,,,,,
,,,,,,,
,,,,,,,
,,,,,,,
,,,,,,,
,,,,,,,
,,,,,,,
,,,,,,,
,,,,,,,
,,,,,,,
,,,,,,,
,,,,,,,
Yay!!! I'll definitely say hi!!!,Omg so going to be there and so excited!!,,,,,,
,,,,,,,
,,,,,,,
this is the cutest,,,,,,,
love this! :),,,,,,,
,,,,,,,
,,,,,,,
,,,,,,,
,,,,,,,
,,,,,,,
,,,,,,,
,,,,,,,
,,,,,,,
,,,,,,,
*Flashback Friday*,,,,,,,
,,,,,,,
,,,,,,,
,,,,,,,
,,,,,,,
,,,,,,,
,,,,,,,
,,,,,,,
,,,,,,,
,,,,,,,
,,,,,,,
,,,,,,,
,,,,,,,
,,,,,,,
,,,,,,,
,,,,,,,
,,,,,,,
,,,,,,,
,,,,,,,
,,,,,,,
,,,,,,,
,,,,,,,
,,,,,,,
,,,,,,,
,,,,,,,
,,,,,,,
,,,,,,,
,,,,,,,
,,,,,,,
,,,,,,,
,,,,,,,
,,,,,,,
,,,,,,,
,,,,,,,
,,,,,,,
,,,,,,,
,,,,,,,
How long you guys hv to wait in line to see them lol,,,,,,,
,,,,,,,
,,,,,,,
#Disney #disneyparks #disneypic #disneygram #star #wars #ride #travel #orlando #florida #love #family #vacation,,,,,,,
,,,,,,,
,,,,,,,
,,,,,,,
,,,,,,,
Sweet,,,,,,,
,,,,,,,
,,,,,,,
,,,,,,,
,,,,,,,
,,,,,,,
,,,,,,,
,,,,,,,
,,,,,,,
#disneypins #disneyworld #Disney #disneypintrading #pindrading #disneypin #disneypincollection #disneypinsforsale #disneypinsfortrade,,,,,,,
,,,,,,,
,,,,,,,
,,,,,,,
,,,,,,,
,,,,,,,
,,,,,,,
,,,,,,,
,,,,,,,
,,,,,,,
,,,,,,,
,,,,,,,
Tell Roy to check his snapchats lol,,,,,,,
,,,,,,,
,,,,,,,
,,,,,,,
,,,,,,,
,,,,,,,
@CLICK_HERE_TO_GET_116_FOLLOWS  @CLICK_HERE_TO_GET_116_FOLLOWS  @CLICK_HERE_TO_GET_116_FOLLOWS,,,,,,,
,,,,,,,
@hatandmouse are these available for purchase tomorrow!?,@jenocidal The mini one will be for a giveaway that you can enter tomorrow. The others will be available in my shop soon!,@hatandmouse very cool! See you tomorrow!,Oh my gosh they are so cute!,Omg this hat!,,,
Aww...so very cute...,@beadsmyth -,Lovevevely,,,,,
,,,,,,,
#food #foodblog #foodporn #foodie #foodblogger #foodaccount #ilovefood #yum#breakfast #lunch #dinner #instafood #foodgasm #nummies,downtown disney i went there lol ily,Yum,,,,,
,,,,,,,
,,,,,,,
,,,,,,,
,,,,,,,
,,,,,,,
,,,,,,,
*doing ORZ,Stfu while that's heartwarming and all just remember it's only 3/4 of in inch short-stack,It still counts,,,,,
So cute ,,,,,,,
,,,,,,,
,,,,,,,
Love this!,,,,,,,
,,,,,,,
@kaciereyes ,,,,,,,
Where is this?,,,,,,,
hello would you mind checking out my account?it's all disney!follow me too??Thanks so much!... It'd mean a lot!,,,,,,,
I went yesterday and didn't even see it so ur not the last,oh good to know @destination_disneyy hahaha that makes me feel better,Nope I am  when are they getting rid of it? I should probably go soon ,hahahaha touch @megan913112. but yeah they probably will close it soon!,That is so beautiful! I wish I was there to see it ,,,
,,,,,,,
,,,,,,,
,,,,,,,
Awesome,,,,,,,
are you in MK today?,Drown the Wendy bird!,,,,,,
,,,,,,,
,,,,,,,
,,,,,,,
,,,,,,,
,,,,,,,
,,,,,,,
,,,,,,,
,,,,,,,
,,,,,,,
@elle.clayton,Perfection,,,,,,
,,,,,,,
,,,,,,,
,,,,,,,
,,,,,,,
,Awesome,,,,,,
Lol! You guys are so cute! ,,,,,,,
,,,,,,,
,,,,,,,
,,,,,,,
,,,,,,,
,,,,,,,
permanent stage?,and did they put the spires back?,,,,,,
,,,,,,,
,,,,,,,
@ssekola87 wut,@danielleditomasso,@moniquinhajosias @dudamacfonseca,,,,,
,,,,,,,
,,,,,,,
,,,,,,,
,,,,,,,
,,,,,,,
,,,,,,,
,,,,,,,
f4f?,,,,,,,
,,,,,,,
,,,,,,,
,,,,,,,
,,,,,,,
new ari fanpage! Mind liking my 2 first posts? And maybe follow ? Ill return thank you so much ,,,,,,,
,,,,,,,
,,,,,,,
,,,,,,,
,,,,,,,
,,,,,,,
,,,,,,,
@darren_h_ ,@carzar36 July,@gregatello89 @tobiwankanobe @ny_ox @cped717 @btinao life,@larapizzo,@iamboom76,@geraldinechambers1989,@claraleonell @bellaldm @lefuim,@jacie_swimmer
The tink in the middle ,,,,,,,
,,,,,,,
,,,,,,,
Recent for recent? ,@CLICK_HERE_TO_GET_117_FOLLOWS  @CLICK_HERE_TO_GET_117_FOLLOWS  @CLICK_HERE_TO_GET_117_FOLLOWS,,,,,,
@my.heart.beats.disney Did you love it?? The grey stuff cupcake is so much better than the brownie they serve!,I did love it .. Everything about that place was awesome ! ,@mariaedalia,,,,,
,,,,,,,
,,,,,,,
,,,,,,,
That is so cute!,,,,,,,
,,,,,,,
@CLICK_HERE_TO_GET_117_FOLLOWS  @CLICK_HERE_TO_GET_117_FOLLOWS  @CLICK_HERE_TO_GET_117_FOLLOWS,,,,,,,
,,,,,,,
,,,,,,,
,,,,,,,
,,,,,,,
,,,,,,,
,,,,,,,
,,,,,,,
,,,,,,,
,,,,,,,
@moniquinhajosias @dudamacfonseca,@ssekola87,,,,,,
,,,,,,,
,,,,,,,
,,,,,,,
,,,,,,,
,,,,,,,
,,,,,,,
,,,,,,,
,,,,,,,
,,,,,,,
,,,,,,,
,,,,,,,
,,,,,,,
,,,,,,,
#disney #disneyparks #wdw #wdwphotography #igers_wdw #disneyphotography #disneygram #disneygramers #disneygramer #disneyig #disneyphoto #instadisney #annualpassholder #disneyaccount #happiestplaceonearth #waltdisney #disneyside #disneyaddict #disnerd #latergram #canonrebelt3i #parade #catherineatdisney #swancourt,,,,,,,
,,,,,,,
,,,,,,,
,,,,,,,
,,,,,,,
,,,,,,,
,,,,,,,
,,,,,,,
,,,,,,,
,,,,,,,
Good day 2 u,,,,,,,
I agree! We are in MK too,@misslexxmarie yay that looks like fun.,@jandecbabes we're having a dole whip break lol,,,,,
,,,,,,,
,,,,,,,
#albino,It's the filter  ps I developed a farmers tan today @daniellebrooke_,,,,,,
,,,,,,,
,,,,,,,
,,,,,,,
,,,,,,,
,,,,,,,
,,,,,,,
,,,,,,,
,,,,,,,
,,,,,,,
,,,,,,,
,,,,,,,
,,,,,,,
#happy,,,,,,,
Good!,#waltdisneyworld #wdw #disneyworld #disneyland #magickingdom #epcot #hollywoodstudios #mgm #animalkingdom #love #happy #cinderella #lionking #peterpan,,,,,,
Nice!!!,,,,,,,
@givaldes nos falta ese arbol mi amor,Next Orlando trip @rolandito29,Que sufridito Ronald ,,,,,
,,,,,,,
,,,,,,,
,,,,,,,
,,,,,,,
#disney #dislife #dislove #disnerd #disneyig #disneygram #disneylife #disneynerd #disneylove #wdw #waltdisneyworld #instadisney #nofilter #maleficent,,,,,,,
Holy schnikes!!! You take this @tradzak ?!?!?,Whoa!,,,,,,
,,,,,,,
,,,,,,,
Why so cute??!,,,,,,,
She is pretty awesome. Got to meet her today. ,Uhhh ohh should we all shout out @orangeblossom_girl ??? We should lol,Your so sweet! Thanks for the shout out,,,,,
,,,,,,,
,,,,,,,
,,,,,,,
,,,,,,,
,,,,,,,
,,,,,,,
,,,,,,,
,,,,,,,
,,,,,,,
,,,,,,,
,,,,,,,
,,,,,,,
,,,,,,,
#alliandisadodisney,#wdw #downtowndisney #welovedisney,,,,,,
,,,,,,,
Those are cool!,Awesome!,@mouseketeer1955  Thanx & thanx for the likes.,@vinylmation_posts  Thanx but I missed the Mini Stormtroopers & C3P0 variants,,,,
,,,,,,,
,,,,,,,
,,,,,,,
,,,,,,,
,,,,,,,
#disney###florida#####jcrew#forever21######,,,,,,,
,,,,,,,
@CLICK_HERE_TO_GET_120_FOLLOWS  @CLICK_HERE_TO_GET_120_FOLLOWS  @CLICK_HERE_TO_GET_120_FOLLOWS,,,,,,,
,,,,,,,
,,,,,,,
So cool,Too cool,@tiff_oh @didiorka @colleenom87 @chromyx24 #amphicar,@puravidarunner2 this is so cool,@taniae17 @immikeg,Oh wow!!! The amphibcar!!!,That's pretty sweet.,
Dope!,,,,,,,
I just saw this today and was wondering if it was new. Pretty cute and popular,It is definitely pretty new there was a different one before @jessin2d,,,,,,
,,,,,,,
,,,,,,,
,,,,,,,
Looking good mama!,,,,,,,
Hey would you enter my disney giveaway? ,,,,,,,
,,,,,,,
,,,,,,,
,,,,,,,
,daaaaaaaang! Very nicely done,,,,,,
,,,,,,,
Cinderella's Surprise Celebration! My all time favorite castle show. ,@loganjkelly thank you!!!!  definitely going to be looking it up on YouTube now- I remember loving it! ,,,,,,
,,,,,,,
,,,,,,,
,,,,,,,
,,,,,,,
,,,,,,,
,,,,,,,
,,,,,,,
,,,,,,,
,,,,,,,
,,,,,,,
,,,,,,,
Epcot might best at night...not that I dislike it during the day.,,,,,,,
,,,,,,,
,,,,,,,
,,,,,,,
,,,,,,,
#WaltDisneyWorld #Disney #AnimalKingdom #folk #lionking #disneygramers #dizcolors #disneycolors #igers_wdw #disneymagichour123,My favorite show!,I love it!  All the performers seem to really love what they do so it makes watching it so fun! @wdw_mom,,,,,
,,,,,,,
,,,,,,,
LikeLikeLike,That looks like a silver back,,,,,,
,,,,,,,
,,,,,,,
,,,,,,,
,,,,,,,
,,,,,,,
,,,,,,,
,,,,,,,
,,,,,,,
,,,,,,,
,,,,,,,
,,,,,,,
,,,,,,,
,,,,,,,
,,,,,,,
#disney #dislife #dislove #disnerd #disneyig #disneygram #disneylife #disneynerd #disneylove #wdw #waltdisneyworld #instadisney #mk #magickingdom #flowers #spring,,,,,,,
 ,,,,,,,
 ,,,,,,,
 ,,,,,,,
 ,,,,,,,
 ,,,,,,,
 ,,,,,,,
 ,,,,,,,
 ,,,,,,,
 ,,,,,,,
 ,,,,,,,
 ,,,,,,,
 ,,,,,,,
 ,,,,,,,
